{
    "chapters": [
        {
            "title": "Simplify me",
            "start": "0:03.358"
        },
        {
            "title": "Bellydance",
            "start": "0:21.131"
        },
        {
            "title": "Still Dreaming",
            "start": "0:43.387"
        },
        {
            "title": "Stronger",
            "start": "0:59.536"
        }
    ],
    "items": [
        {
            "type": "background",
            "start": "0:00:000",
            "color": "#000"
        },
        {
            "type": "background",
            "start": "0:03.384",
            "color": "#000000",
            "fadeIn": 500
        },
        {
            "type": "background",
            "start": "0:05.079",
            "color": "#FFFFFF",
            "fadeIn": 500
        },
        {
            "type": "background",
            "start": "0:14.049",
            "color": "#000000",
            "fadeIn": 500
        },
        {
            "type": "audio",
            "start": "0:00:000",
            "low": "/assets/audio/teaser_64k.mp3",
            "medium": "/assets/audio/teaser_128k.mp3",
            "high": "/assets/audio/teaser_320k.mp3",
            "volume": 0.8
        },
        {
            "type": "video",
            "showOnMobile": true,
            "file": "/assets/video/mobile/master.m3u8",
            "start": "0:00:000",
            "z": 3,
            "height": 100,
            "objectFit": "cover"
        },
        {
            "type": "video",
            "showOnMobile": false,
            "file": "/assets/video/desktop/master.m3u8",
            "start": "0:00:000",
            "z": 2,
            "height": 100,
            "objectFit": "cover"
        },
        {
            "type": "video",
            "showOnMobile": false,
            "file": "/assets/video/background/LEFT.mp4",
            "start": "0:00:000",
            "z": 1,
            "height": 100,
            "left": -10,
            "width": 60,
            "objectFit": "stretch"
        },
        {
            "type": "video",
            "showOnMobile": false,
            "file": "/assets/video/background/RIGHT.mp4",
            "start": "0:00:000",
            "z": 1,
            "right": 0,
            "width": 100,
            "height": 100,
            "objectFit": "stretch"
        }
    ]
}